BEGIN TRANSACTION;

insert into User (
	Password,
	Username,
	AssistingSID
) values 
('aaaa', 'aaaa', 0),
('bbbb', 'bbbb', 0),
('12345678', 'root', 0),
('cccc', 'cccc', 0),
('YX.CAsdG3', 'Angelita_Steuber', 0),
('Z#arynpDkm', 'Kimber', 0),
('1A6!TI0mXo,', 'Kimly', 0),
('gfow#GzVueU', 'Ariel.Sauer', 0),
('?X9h3M1K', 'Damaris', 0),
('RixGBu1RA&', 'Alb', 0),
('jfUb.b3aIj', 'Luisia', 0),
('g11GoDScy4Q', 'Daryl', 0),
('zE&T5kt4', 'Dane.nick', 0),
('eLFg?Oop#&', 'Scotty_Bernier', 0),
('9Y6VM0kH', 'Kaia_cote', 0),
('FxeX@sWIi2u', 'Damien', 0),
('36ekjvfZ2', 'Luis', 0),
('mg,m?dPTalK', 'Arjun', 0),
('qBkpqaHhE', 'Alisa', 0),
('w6JbkSaTR', 'Duane.Homenick', 0),
('OD48S8x3GrV', 'Jov', 0),
('PpYszwu91', 'Grant_son', 0),
('aifCvpLgAK', 'Francesco.Heaney', 0),
('X%TIENm7A0A', 'Ova_Goldner', 0),
('4eMxGhwZ', 'Jimmie_Bernhard', 0),
('eE%F1rn1esN', 'Bana', 0),
('9EK8G0znz', 'Grant_Rolfson', 0),
('pxNr.b4TA', 'Maritza.Abbott', 0),
('Cc9ktiwoy', 'Breana', 0),
('.X9M8k9LL', 'Edgar', 0),
('SG%f4?I.t', 'Johathan', 0),
('Obo9JbFqTu', 'belle_Gison', 0),
('TI.oOBNpXu', 'Ariellia', 0),
('tu#UNQeOf', 'Harrison_Bogisich', 0),
('N?l%jP9.oV', 'Stewart.Lind', 0),
('Z0E,s3RW', 'Doris', 0),
('?5GwUGTW7', 'Natasha', 0),
('Q2@orWUp', 'Alberda', 0),
('&609LjoHE', 'Kirstin.McCullough', 0),
('!cLQ#xFD', 'Bertha', 0),
('BmhEHzvJyQn', 'Bryana', 0),
('o,@6NPnO', 'Ernestine', 0),
('CvD!%IxzM,', 'Celestine', 0),
('lOfvUXHC', 'Kaia_Heathcote', 0),
('KlUoLLDT6V#', 'belleson', 0),
('ZBQI0vn.@', 'Karli_Berge', 0),
('NnwfF2%ck@e', 'Herta.Keeling', 0),
('0#DnRlfr', 'Clovis', 0),
('PeP43ofZHLE', 'Abbie_Roberts', 0),
('z@Em9%sFj', 'Halle', 0);

insert into PaymentMethod (
	UID,
	NickName,
	FirstEightCardNum,
	CardType
) values 
(1, 'card 1', 8173633, 'credit'),
(2, 'card 1', 7270601, 'credit'),
(3, 'card 1', 5521578, 'credit'),
(4, 'card 1', 6676914, 'debit'),
(5, 'card 1', 9984682, 'credit'),
(6, 'card 1', 2668073, 'debit'),
(7, 'card 1', 7190923, 'debit'),
(8, 'card 1', 3118618, 'credit'),
(9, 'card 1', 2913640, 'credit'),
(10, 'card 1', 4120473, 'credit'),
(11, 'card 1', 8061288, 'credit'),
(12, 'card 1', 1778024, 'debit'),
(13, 'card 1', 1929863, 'debit'),
(14, 'card 1', 8367509, 'credit'),
(14, 'card 1', 7800784, 'credit'),
(16, 'card 1', 4024704, 'credit'),
(17, 'card 1', 4990311, 'credit'),
(18, 'card 1', 9289402, 'credit'),
(19, 'card 1', 2566594, 'debit'),
(20, 'card 1', 2956106, 'credit'),
(21, 'card 1', 5923797, 'credit'),
(22, 'card 1', 3389991, 'credit'),
(23, 'card 1', 1298094, 'credit'),
(24, 'card 1', 3033710, 'credit'),
(25, 'card 1', 9232159, 'debit'),
(26, 'card 1', 6898546, 'credit'),
(27, 'card 1', 2559689, 'credit'),
(28, 'card 1', 1435993, 'credit'),
(29, 'card 1', 1770481, 'credit'),
(30, 'card 1', 4731340, 'credit'),
(31, 'card 1', 3319864, 'debit'),
(32, 'card 1', 1696201, 'debit'),
(33, 'card 1', 6809130, 'credit'),
(34, 'card 1', 3415701, 'credit'),
(35, 'card 1', 2656118, 'credit'),
(36, 'card 1', 4019058, 'credit'),
(37, 'card 1', 8317364, 'credit'),
(38, 'card 1', 7668357, 'debit'),
(39, 'card 1', 5479010, 'credit'),
(40, 'card 1', 7195609, 'credit'),
(41, 'card 1', 4419252, 'credit'),
(42, 'card 1', 3781302, 'credit'),
(43, 'card 1', 9499116, 'debit'),
(44, 'card 1', 9996308, 'debit'),
(45, 'card 1', 8976290, 'credit'),
(46, 'card 1', 5976298, 'credit'),
(47, 'card 1', 5513827, 'credit'),
(48, 'card 1', 9720966, 'debit'),
(49, 'card 1', 2873677, 'credit'),
(50, 'card 1', 4018214, 'debit'),
(1, 'card 2', 6167989, 'credit'),
(2, 'card 2', 6072867, 'credit'),
(3, 'card 2', 7611460, 'credit'),
(4, 'card 2', 4654162, 'credit'),
(5, 'card 2', 3904323, 'debit'),
(6, 'card 2', 5302298, 'credit'),
(7, 'card 2', 4585382, 'debit'),
(8, 'card 2', 3133939, 'credit'),
(9, 'card 2', 5844940, 'credit'),
(10, 'card 2', 3780701, 'debit'),
(11, 'card 2', 7690885, 'credit'),
(12, 'card 2', 7230779, 'credit'),
(13, 'card 2', 2635866, 'debit'),
(14, 'card 2', 7277704, 'credit'),
(15, 'card 2', 4114193, 'credit'),
(1, 'card 3', 8372072, 'credit'),
(2, 'card 3', 2448998, 'credit'),
(3, 'card 3', 1153581, 'credit'),
(4, 'card 3', 5150540, 'credit'),
(5, 'card 3', 9637969, 'debit'),
(6, 'card 3', 8405904, 'debit');

insert into Shop (
	CreateDT , 
	shopname ,
	Description ,
	OperatedByUID
) values 
('2015/07/30,07:47:13', 'explicabo', 'suscipit explicabo deserunt', 1),
('2015/09/30,01:39:59', 'fugiat', 'fugiat quis impedit facilis quos', 2),
('2016/03/05,01:34:00', 'eum', 'tempora explicabo impedit aut eum', 3),
('2015/06/25,09:15:49', 'enim', 'enim delectus id quaerat architecto', 4),
('2015/07/20,10:08:46', 'voluptas', 'dolores voluptas velit', 5),
('2015/07/24,08:33:10', 'molestias', 'atque eligendi ut molestias laboriosam consequatur animi autem', 6),
('2015/12/27,09:40:45', 'commodi', 'aut commodi libero dolorem aliquid iste placeat dolorum', 7),
('2015/12/12,07:24:24', 'eligendi', 'ut inventore eligendi similique corrupti ut ea aut', 8),
('2016/05/30,05:51:06', 'possimus', 'quod possimus optio mollitia et qui velit', 9),
('2015/10/26,02:51:53', 'aut', 'consequuntur aut aut', 10);

	
insert into Orders (
	Date ,
	Status ,
	ShippingAddr ,
	BuyerUID 
) values 
('2016/03/09,04:50:23', 'complete', 'Pinkiebury,62203-6623,Indiana,7456 Skiles Harbors', 11),
('2016/04/04,09:32:28', 'complete', 'Wisozkberg,74479,Hawaii,6202 Reilly Square', 12),
('2015/08/01,05:59:34', 'complete', 'Lake Rachelmouth,03685-1191,Arizona,521 Huels Islands', 13),
('2015/08/13,10:27:31', 'complete', 'West Waldo,17855,Maryland,78678 Kayleigh Branch', 14),
('2015/07/09,06:56:57', 'complete', 'East Silas,99510,Connecticut,502 Graham Plaza', 15),
('2016/01/17,05:59:32', 'complete', 'Creolaburgh,26512,Vermont,94667 Hand Summit', 16),
('2015/08/12,08:00:05', 'complete', 'North Christellestad,12073,Indiana,35749 Kuhn Centers', 17),
('2015/02/14,06:53:02', 'complete', 'Port Alenaburgh,60284-6511,Louisiana,728 Genesis Park', 18),
('2015/02/25,03:05:03', 'complete', 'Ornport,23926-7974,Colorado,2618 Nicolas Lake', 19),
('2016/01/13,03:18:01', 'complete', 'Port Alenaburgh,60284-6511,Louisiana,728 Genesis Park', 20),
('2016/02/02,10:48:23', 'complete', 'Lefflerberg,52917,Tennessee,8744 Monroe Walks', 21),
('2015/12/04,07:07:07', 'complete', 'West Waldo,17855,Maryland,78678 Kayleigh Branch', 22),
('2015/08/18,05:48:52', 'complete', 'New Babyberg,57511,Colorado,1618 Hintz Road', 23),
('2016/03/30,07:57:16', 'complete', 'Port Jeramieland,11604,Utah,868 Abernathy Center', 24),
('2015/11/14,09:29:51', 'complete', 'Grimesberg,77348-1446,New York,151 Parker Union', 25),
('2015/08/23,11:32:54', 'complete', 'South Stephanyport,04008,Massachusetts,4898 Nicola Plaza', 11),
('2015/08/09,08:33:15', 'complete', 'West Nyasiafort,24858,Massachusetts,97243 Durgan Path', 11),
('2016/04/28,03:29:04', 'complete', 'Vincentside,07295,Washington,22169 Pat Tunnel', 11),
('2016/04/27,02:06:25', 'complete', 'Ornport,23926-7974,Colorado,2618 Nicolas Lake', 12),
('2016/04/15,11:29:18', 'complete', 'Rippinbury,92358-6788,Nevada,4340 Grady Union', 12),
('2015/02/28,07:49:32', 'complete', 'Lake Mabelle,64805,Kentucky,12909 Brekke Ridges', 12),
('2016/04/05,09:24:40', 'complete', 'Lake Lanceborough,37846,Delaware,0192 Botsford Greens', 13),
('2015/09/09,11:55:47', 'complete', 'North Delltown,03633-6479,Wyoming,62949 Erica Ville', 14),
('2016/03/01,10:23:49', 'complete', 'Pinkiebury,62203-6623,Indiana,7456 Skiles Harbors', 15),
('2015/07/02,01:25:32', 'complete', 'Martaburgh,80787,Louisiana,028 Tressie Lodge', 16),
('2015/09/21,06:48:00', 'ongoing', 'Vivienneland,89269-5103,South Carolina,433 Nader Center', 17),
('2015/10/20,01:09:45', 'ongoing', 'Pinkiebury,62203-6623,Indiana,7456 Skiles Harbors', 18),
('2016/03/23,03:51:58', 'ongoing', 'Ricardostad,60939,Georgia,489 Hane Corner', 19),
('2015/10/22,08:29:57', 'canceled', 'Ankundingport,00126,New York,086 Mertie Knolls', 20);

insert into Item(
	SID,
	Name,
	Brand,
	Color,
	Description,
	imageURL,
	Status
) values 
(1, 'Handcrafted Alpaca Blend Purple Charisma Sweater (Peru)', 'Novica', 'Purple', 'a magni eos', '', 'display'),			
(1,	'Pedi Couture Womens Blue Snake Pedicure Spa Toe Separator Sandal Flip Flops (m)', 'Pedi Couture', '','quas iure voluptatum aliquid optio necessitatibus nihil', 'https://i5.walmartimages.com/asr/20e1735e-44ea-4ad6-9ace-64188c6ef8bc_1.4fde13fb4e757e15c44a71aa0fd9cfe2.jpeg?odnHeight=450&odnWidth=450&odnBg=FFFFFF', 'display'),
(1,	'Anne Klein Sport Perfered Women Us 9.5 Nude Wedge Heel', 'ANNE KLEIN SPORT', '', 'et ex aut sapiente natus sunt quo', 'https://i5.walmartimages.com/asr/a46ef448-e801-4ee0-bd8d-520dcaa2f643_1.39c73d679bd75455089b01d2f1bbb93f.jpeg?odnHeight=450&odnWidth=450&odnBg=FFFFFF', 'display'),
(1,	'Anne Klein Sport Perfered Women Us 9.5 Nude Wedge Heel', 'ANNE KLEIN SPORT', '', 'architecto quis voluptatum excepturi dolorem explicabo', 'https://i5.walmartimages.com/asr/a46ef448-e801-4ee0-bd8d-520dcaa2f643_1.39c73d679bd75455089b01d2f1bbb93f.jpeg?odnHeight=450&odnWidth=450&odnBg=FFFFFF', 'display'),
(1,	'Sof Comfort Womens Everyday Gel Insoles, 2-pair', 'BEAUTIFEET', 'Multicolor', 'alias inventore autem rerum sed nemo architecto', 'https://i5.walmartimages.com/asr/3990181c-1f37-41e0-b04d-22428da90578_1.8a58be48c716c061cda8fae137ba6002.jpeg?odnHeight=450&odnWidth=450&odnBg=FFFFFF,http://i5.walmartimages.com/dfw/dce07b8c-8fc8/k2-_46257b9e-043c-4109-8e55-ce80647a5845.v1.jpg', 'display'),
(1,	'Sof Comfort Womens Everyday sGel Insoles, 2-pair','BEAUTIFEET', 'Multicolor', 'alias inventore autem rerum sed nemo architecto', 'https://i5.walmartimages.com/asr/3990181c-1f37-41e0-b04d-22428da90578_1.8a58be48c716c061cda8fae137ba6002.jpeg?odnHeight=450&odnWidth=450&odnBg=FFFFFF,http://i5.walmartimages.com/dfw/dce07b8c-8fc8/k2-_46257b9e-043c-4109-8e55-ce80647a5845.v1.jpg', 'display'),
(1,	'Sneed- Womens/kids Dance Shoes Latin Leatherette',	'B01FJMV6S8', '', 'atque eligendi ut molestias laboriosam consequatur animi autem', 'https://images-na.ssl-images-amazon.com/images/I/41ZrRcYEMBL._SY300_QL70_.jpg,https://images-na.ssl-images-amazon.com/images/I/41ZrRcYEMBL._SS40_.jpg,https://images-na.ssl-images-amazon.com/images/I/41B3BfffD1L._SS40_.jpg,https://images-na.ssl-images-amazon.com/images/I/41CaLoNQLTL._SS40_.jpg,https://images-na.ssl-images-amazon.com/images/I/41Tuhed3HyL._SS40_.jpg,https://images-na.ssl-images-amazon.com/images/I/41eu9GX2f0L._SS40_.jpg', 'display'),
(1,	'Marc Fisher Fawna Women  Cap Toe Leather  Oxford',	'Marc Fisher', '', 'maxime quia aliquam ex soluta similique', 'https://i5.walmartimages.com/asr/1b12adab-1d6b-453e-947c-b2f90f4858dc_1.1016a08f58ee271aee4692088ac3d06a.jpeg?odnHeight=450&odnWidth=450&odnBg=FFFFFF', 'display'),
(1,	'Marc Fisher Fawna Women  Cap Toe Leather  Oxford',	'Marc Fisher', '', 'et labore maiores iste officia', 'https://i5.walmartimages.com/asr/1b12adab-1d6b-453e-947c-b2f90f4858dc_1.1016a08f58ee271aee4692088ac3d06a.jpeg?odnHeight=450&odnWidth=450&odnBg=FFFFFF', 'display'),
(1,	'Marc Fisher Fawna Women  Cap Toe Leather  Oxford',	'Marc Fisher', '', 'ab illo id pariatur modi quidem quo', 'https://i5.walmartimages.com/asr/1b12adab-1d6b-453e-947c-b2f90f4858dc_1.1016a08f58ee271aee4692088ac3d06a.jpeg?odnHeight=450&odnWidth=450&odnBg=FFFFFF', 'display'),
(1,	'Caparros Karissa Open Toe Canvas  Sandals', 'Caparros', 'Silver', 'accusantium quam facilis qui dolores maxime ut doloribus deserunt', 'https://i5.walmartimages.com/asr/a07174df-7c83-4d89-8016-ece1b1141407_1.3105bda08d51dd55a5773efe1d109dd2.jpeg?odnHeight=450&odnWidth=450&odnBg=FFFFFF', 'display'),
(1,	'Caparros Karissa Open Toe Canvas  Sandals', 'Caparros', 'Silver', 'iure consequatur eveniet cupiditate enim suscipit voluptatem voluptas', 'https://i5.walmartimages.com/asr/a07174df-7c83-4d89-8016-ece1b1141407_1.3105bda08d51dd55a5773efe1d109dd2.jpeg?odnHeight=450&odnWidth=450&odnBg=FFFFFF', 'display'),
(1,	'Caparros Karissa Open Toe Canvas  Sandals', 'Caparros', 'Silver', 'iure consequatur eveniet cupiditate enim suscipit voluptatem voluptas', 'https://i5.walmartimages.com/asr/a07174df-7c83-4d89-8016-ece1b1141407_1.3105bda08d51dd55a5773efe1d109dd2.jpeg?odnHeight=450&odnWidth=450&odnBg=FFFFFF', 'display'),
(1,	'Inc International Concepts Britanii   Pointed Toe Suede  Heels', 'INC International Concepts',	'', 'iure consequatur cupiditate enim suscipit voluptatem voluptas', 'https://i5.walmartimages.com/asr/3497480e-530d-4751-8d3a-6ababa181341_1.5b0d882a1d2b835839b3f90155a9c653.jpeg?odnHeight=450&odnWidth=450&odnBg=FFFFFF', 'display'),
(1,	'Inc International Concepts Britanii   Pointed Toe Suede  Heels', 'INC International Concepts',	'', 'consequatur eveniet enim suscipit voluptatem voluptas', 'https://i5.walmartimages.com/asr/3497480e-530d-4751-8d3a-6ababa181341_1.5b0d882a1d2b835839b3f90155a9c653.jpeg?odnHeight=450&odnWidth=450&odnBg=FFFFFF', 'display'),
(1,	'Inc International Concepts Britanii   Pointed Toe Suede  Heels', 'INC International Concepts',	'', 'eveniet cupiditate enim voluptatem voluptas', 'https://i5.walmartimages.com/asr/3497480e-530d-4751-8d3a-6ababa181341_1.5b0d882a1d2b835839b3f90155a9c653.jpeg?odnHeight=450&odnWidth=450&odnBg=FFFFFF', 'display'),
(1,	'Lugz Womens Zen LO by Lugz', 'Lugz', 'Brown', 'mollitia enim similique ullam nemo aperiam', 'http://ak1.ostkcdn.com/images/products/6911382/80/255/Lugz-Womens-Zen-LO-P14430937.jpg', 'display'),
(1,	'Lugz Womens Zen LO by Lugz', 'Lugz', 'Brown', 'enim similique saepe quos aperiam', 'http://ak1.ostkcdn.com/images/products/6911382/80/255/Lugz-Womens-Zen-LO-P14430937.jpg', 'display'),
(1,	'Lugz Womens Zen LO by Lugz', 'Lugz', 'Brown', 'similique ullam nemo saepe quos aperiam', 'http://ak1.ostkcdn.com/images/products/6911382/80/255/Lugz-Womens-Zen-LO-P14430937.jpg', 'display'),
(1,	'Lugz Womens Zen LO by Lugz', 'Lugz', 'Brown', 'ullam nemo saepe quos aperiam', 'http://ak1.ostkcdn.com/images/products/6911382/80/255/Lugz-Womens-Zen-LO-P14430937.jpg', 'display'),
(1,	'Womens Skechers BOBS Pureflex Supastar Flat Black by Skechers', 'Skechers', '', 'dignissimos consequatur id exercitationem aspernatur expedita quod', 'http://ak1.ostkcdn.com/images/products/95/358/P17833264.jpg', 'display'),
(1,	'Womens Skechers BOBS Pureflex Supastar Flat Black by Skechers', 'Skechers', '', 'consequatur id exercitationem aspernatur expedita quod', 'http://ak1.ostkcdn.com/images/products/95/358/P17833264.jpg', 'display'),
(2,	'Womens Skechers BOBS Pureflex Supastar Flat Black by Skechers', 'Skechers', '', 'id exercitationem aspernatur expedita quod', 'http://ak1.ostkcdn.com/images/products/95/358/P17833264.jpg', 'display'),
(2,	'Womens Skechers BOBS Pureflex Supastar Flat Black by Skechers', 'Skechers', '', 'aspernatur expedita quod', 'http://ak1.ostkcdn.com/images/products/95/358/P17833264.jpg', 'display'),
(2,	'Womens Skechers BOBS Pureflex Supastar Flat Black by Skechers', 'Skechers', '', 'esse id exercitationem aspernatur expedita quod', 'http://ak1.ostkcdn.com/images/products/95/358/P17833264.jpg', 'display'),
(2,	'Dbdk Fashion Meira-4 Women Open Toe Synthetic  Wedge Sandal',	'DbDk Fashion',	'', 'laboriosam deserunt neque velit incidunt tenetur ut quas', 'https://i5.walmartimages.com/asr/56a0b995-8a6c-4c75-808f-0d6863f46018_1.b5ebc5e7651011fc9cd2affa0de92025.jpeg?odnHeight=450&odnWidth=450&odnBg=FFFFFF', 'display'),
(2,	'Dbdk Fashion Meira-4 Women Open Toe Synthetic  Wedge Sandal',	'DbDk Fashion',	'', 'deserunt neque velit incidunt tenetur ut quas', 'https://i5.walmartimages.com/asr/56a0b995-8a6c-4c75-808f-0d6863f46018_1.b5ebc5e7651011fc9cd2affa0de92025.jpeg?odnHeight=450&odnWidth=450&odnBg=FFFFFF', 'display'),
(2,	'Dbdk Fashion Meira-4 Women Open Toe Synthetic  Wedge Sandal',	'DbDk Fashion',	'', 'neque velit incidunt tenetur ut quas', 'https://i5.walmartimages.com/asr/56a0b995-8a6c-4c75-808f-0d6863f46018_1.b5ebc5e7651011fc9cd2affa0de92025.jpeg?odnHeight=450&odnWidth=450&odnBg=FFFFFF', 'display'),
(2,	'Shoe Crepe Rubber For Nubuck & Suede Collonil Cleaner', 'Collonil', '', 'at pariatur quo odio impedit', 'http://ecx.images-amazon.com/images/I/51yoh3lgyuL._SY395_QL70_.jpg,http://ecx.images-amazon.com/images/I/51yoh3lgyuL._US40_.jpg', 'display'),
(2,	'Vince Camuto Parka Round Toe Suede  Ankle Boot',	'Vince Camuto', 'Brown', 'nisi voluptas molestias et consequatur doloremque aspernatur voluptatem', 'https://i5.walmartimages.com/asr/59a1b430-299b-48ac-8246-ce69e4215892_1.4731120a7193274d8f676f986e4a2f35.jpeg?odnHeight=450&odnWidth=450&odnBg=FFFFFF', 'display'),
(2,	'Vince Camuto Parka Round Toe Suede  Ankle Boot',	'Vince Camuto', 'Brown', 'et consequatur doloremque aspernatur voluptatem', 'https://i5.walmartimages.com/asr/59a1b430-299b-48ac-8246-ce69e4215892_1.4731120a7193274d8f676f986e4a2f35.jpeg?odnHeight=450&odnWidth=450&odnBg=FFFFFF', 'display'),
(2,	'Bloch Women Twist Dance Sneakers 6.5 X Us', 'Bloch', 'White,Black,Silver', 'at pariatur quo odio impedit', 'https://i5.walmartimages.com/asr/42fa5d6a-de2f-4898-a25f-c39b74dbb175_1.e09918f2786f0e80436ee6113066b848.jpeg?odnHeight=450&odnWidth=450&odnBg=FFFFFF,https://i5.walmartimages.com/asr/1cf121a3-5a0d-42a2-bac7-b13758407926_1.e09918f2786f0e80436ee6113066b848.jpeg?odnHeight=450&odnWidth=450&odnBg=FFFFFF', 'display'),
(2,	'Michael Kors Fulton Riding Tall Boot Black Leather Knee High Boots Sz 11 $398', 'Michael Kors', '', 'nisi voluptas molestias et consequatur doloremque aspernatur voluptatem', '', 'display'),
(3,	'Nike Womens Kaishi Running Shoes',	'Nike', '', 'quas omnis et sunt', '', 'display'),
(3,	'Womens Wild Diva Camila-64 Brown Faux Leather by Wild Diva', 'Wild Diva', 'Brown', 'odio eveniet tempora quaerat molestiae', 'http://ak1.ostkcdn.com/images/products/87/634/P17076115.jpg', 'display'),
(3,	'Womens Wild Diva Camila-64 Brown Faux Leather by Wild Diva', 'Wild Diva', 'Brown', 'at pariatur quo odio impedit', 'http://ak1.ostkcdn.com/images/products/87/634/P17076115.jpg', 'display'),
(3,	'Womens Wild Diva Camila-64 Brown Faux Leather by Wild Diva', 'Wild Diva', 'Brown', 'odio eveniet tempora quaerat molestiae', 'http://ak1.ostkcdn.com/images/products/87/634/P17076115.jpg', 'display'),
(3,	'Womens Wild Diva Camila-64 Brown Faux Leather by Wild Diva', 'Wild Diva', 'Brown', 'odio eveniet tempora quaerat molestiae', 'http://ak1.ostkcdn.com/images/products/87/634/P17076115.jpg', 'display'),
(3,	'Skechers Size 6 Plain Toe Athletic Style Work Shoes', 'SKECHERS', 'Black', 'quas omnis et sunt', 'https://i5.walmartimages.com/asr/a7dd3875-2d95-47cb-bba9-eb58cd039c49_1.6641d229e971442c61fa18b662643147.jpeg?odnHeight=450&odnWidth=450&odnBg=FFFFFF', 'display'),
(4,	'Skechers Size 6 Plain Toe Athletic Style Work Shoes', 'SKECHERS', 'Blacat pariatur quo odio impeditk', '', 'https://i5.walmartimages.com/asr/a7dd3875-2d95-47cb-bba9-eb58cd039c49_1.6641d229e971442c61fa18b662643147.jpeg?odnHeight=450&odnWidth=450&odnBg=FFFFFF', 'display'),
(4,	'Womens Halloween Sexy Black Patent Retro Boots', 'Pleaser Shoes', '', 'quas omnis et sunt', 'https://i5.walmartimages.com/asr/dae9a4d7-72fe-4edf-9a91-3ccdbcfdd0eb_1.7ebd06541ffb64f61568eb0c892a74df.jpeg?odnHeight=450&odnWidth=450&odnBg=FFFFFF', 'display'),
(5,	'Womens Halloween Sexy Black Patent Retro Boots', 'Pleaser Shoes', '', 'quas omnis et sunt', 'https://i5.walmartimages.com/asr/dae9a4d7-72fe-4edf-9a91-3ccdbcfdd0eb_1.7ebd06541ffb64f61568eb0c892a74df.jpeg?odnHeight=450&odnWidth=450&odnBg=FFFFFF', 'display'),
(5,	'Faded Glory Womens Fashion Slouch Boot', 'Faded Glory', 'TAN,Grey', 'at pariatur quo odio impedit', 'http://i5.walmartimages.com/dfw/dce07b8c-e5c0/k2-_2931ac27-9adf-4890-9795-4e0a618aef4a.v1.jpg', 'display'),
(6,	'Faded Glory Womens Fashion Slouch Boot', 'Faded Glory', 'TAN,Grey', 'quia laudantium dolores accusantium', 'http://i5.walmartimages.com/dfw/dce07b8c-e5c0/k2-_2931ac27-9adf-4890-9795-4e0a618aef4a.v1.jpg', 'display'),
(6,	'Faded Glory Womens Fashion Slouch Boot', 'Faded Glory', 'TAN,Grey', 'enim perferendis maxime voluptatem officia in culpa sunt', 'http://i5.walmartimages.com/dfw/dce07b8c-e5c0/k2-_2931ac27-9adf-4890-9795-4e0a618aef4a.v1.jpg', 'display'),
(7,	'Faded Glory Womens Fashion Slouch Boot', 'Faded Glory', 'TAN,Grey', 'dolor in qui dignissimos impedit deleniti consequatur magni mollitia', 'http://i5.walmartimages.com/dfw/dce07b8c-e5c0/k2-_2931ac27-9adf-4890-9795-4e0a618aef4a.v1.jpg', 'display'),
(7,	'Faded Glory Womens Fashion Slouch Boot', 'Faded Glory', 'TAN,Grey', 'at pariatur quo odio impedit', 'http://i5.walmartimages.com/dfw/dce07b8c-e5c0/k2-_2931ac27-9adf-4890-9795-4e0a618aef4a.v1.jpg', 'display'),
(8,	'Faded Glory Womens Fashion Slouch Boot', 'Faded Glory', 'TAN,Grey', 'odio eveniet tempora quaerat molestiae', 'http://i5.walmartimages.com/dfw/dce07b8c-e5c0/k2-_2931ac27-9adf-4890-9795-4e0a618aef4a.v1.jpg', 'display'),
(9,	'Faded Glory Womens Fashion Slouch Boot', 'Faded Glory', 'TAN,Grey', 'modi et ut provident rerum', 'http://i5.walmartimages.com/dfw/dce07b8c-e5c0/k2-_2931ac27-9adf-4890-9795-4e0a618aef4a.v1.jpg', 'display'),
(10, 'Faded Glory Womens Fashion Slouch Boot', 'Faded Glory', 'TAN,Grey', 'eius ad modi et excepturi', 'http://i5.walmartimages.com/dfw/dce07b8c-e5c0/k2-_2931ac27-9adf-4890-9795-4e0a618aef4a.v1.jpg', 'display');



insert into	Contain(
	OID,
	IID ,
	Amount ,
	Discount
) values
(1, 15, 3, 0.15),
(1, 46, 9, 0.3),
(1, 50, 2, 0.3),
(1, 9, 9, 0.15),
(1, 9, 3, 0.1),
(1, 7, 10, 0.3),
(1, 5, 4, 0.15),
(1, 9, 5, 0.15),
(2, 31, 8, 0.15),
(2, 8, 9, 0.4),
(2, 5, 10, 0.3),
(2, 11, 6, 0.3),
(3, 33, 2, 0.15),
(4, 5, 8, 0.4),
(5, 15, 6, 0.1),
(6, 9, 4, 0.1),
(7, 35, 5, 0.4),
(8, 9, 3, 0.15),
(9, 8, 4, 0.3),
(10, 45, 5, 0.4),
(11, 19, 2, 0.3),
(12, 31, 4, 0.4),
(13, 5, 2, 0.3),
(14, 30, 3, 0.15),
(15, 6, 6, 0.4),
(16, 31, 7, 0.4),
(17, 9, 7, 0.3),
(18, 8, 9, 0.3),
(19, 15, 6, 0.15),
(20, 6, 7, 0.3),
(21, 8, 4, 0.3),
(21, 48, 6, 0.4),
(21, 6, 4, 0.1),
(21, 50, 4, 0.3),
(21, 7, 10, 0.15),
(21, 5, 3, 0.15),
(22, 9, 10, 0.15),
(23, 11, 7, 0.1),
(24, 27, 8, 0.15),
(25, 42, 6, 0.1),
(26, 8, 8, 0.3),
(27, 9, 5, 0.3),
(28, 49, 2, 0.4),
(29, 9, 7, 0.1),
(20, 9, 6, 0.1),
(11, 8, 5, 0.3),
(11, 21, 5, 0.3),
(11, 48, 8, 0.1),
(11, 33, 3, 0.3),
(11, 8, 10, 0.1),
(11, 7, 9, 0.3),
(11, 7, 1, 0.15),
(11, 23, 5, 0.1),
(11, 6, 7, 0.3),
(11, 9, 8, 0.1),
(11, 7, 6, 0.1),
(11, 7, 8, 0.4),
(11, 9, 5, 0.3),
(11, 15, 3, 0.15),
(11, 6, 4, 0.15),
(11, 24, 9, 0.15),
(11, 7, 4, 0.4),
(11, 31, 10, 0.3),
(11, 7, 8, 0.15),
(11, 8, 6, 0.1),
(11, 42, 3, 0.1),
(6, 9, 4, 0.1),
(6, 9, 5, 0.4),
(6, 6, 4, 0.4),
(6, 6, 10, 0.3),
(6, 34, 10, 0.4),
(6, 7, 8, 0.4),
(6, 48, 7, 0.4),
(6, 33, 6, 0.1),
(6, 6, 5, 0.3),
(6, 50, 5, 0.4),
(6, 6, 6, 0.15),
(6, 19, 3, 0.4),
(6, 33, 7, 0.15),
(6, 8, 5, 0.3),
(6, 7, 3, 0.4),
(6, 9, 5, 0.15),
(6, 7, 7, 0.1),
(6, 6, 8, 0.1),
(6, 6, 4, 0.1),
(6, 6, 5, 0.1),
(6, 50, 10, 0.15),
(6, 8, 9, 0.3),
(14, 6, 7, 0.3),
(14, 5, 9, 0.3),
(14, 8, 9, 0.3),
(14, 7, 5, 0.3),
(14, 45, 2, 0.15),
(14, 7, 10, 0.4),
(25, 8, 8, 0.4),
(25, 7, 10, 0.1),
(25, 50, 8, 0.1),
(25, 8, 9, 0.1),
(25, 6, 4, 0.3),
(25, 7, 3, 0.15),
(25, 6, 7, 0.1),
(25, 40, 7, 0.3),
(25, 7, 5, 0.3),
(25, 6, 2, 0.3),
(25, 6, 6, 0.3),
(25, 21, 9, 0.3),
(4, 50, 1, 0.1),
(4, 15, 3, 0.15),
(4, 5, 5, 0.15),
(9, 9, 4, 0.15),
(9, 7, 2, 0.15),
(9, 8, 6, 0.3),
(9, 50, 7, 0.3),
(9, 6, 1, 0.1),
(9, 6, 3, 0.1),
(9, 9, 10, 0.3),
(14, 7, 6, 0.1),
(15, 16, 2, 0.15),
(16, 6, 2, 0.3),
(17, 19, 5, 0.3),
(18, 34, 1, 0.0);


insert into NormalItem(
	IID ,
	Price ,
	Inventory 
) values 
(1, 423.0, 46),
(2, 214.0, 5),
(3, 156.0, 41),
(4, 192.0, 9),
(5, 238.0, 24),
(6, 2.0, 24),
(7, 44.0, 41),
(8, 433.0, 36),
(9, 205.0, 18),
(10, 269.0, 52),
(11, 237.0, 50),
(12, 148.0, 54),
(13, 86.0, 42),
(14, 271.0, 36),
(15, 227.0, 48),
(16, 136.0, 49),
(17, 315.0, 50),
(18, 100.0, 19),
(19, 193.0, 15),
(20, 434.0, 37),
(21, 417.0, 25),
(22, 69.0, 35),
(23, 338.0, 43),
(24, 102.0, 20),
(25, 186.0, 48),
(26, 181.0, 14),
(27, 284.0, 28),
(28, 479.0, 21),
(29, 23.0, 44),
(30, 116.0, 26),
(31, 392.0, 11),
(32, 393.0, 26),
(33, 368.0, 51),
(34, 449.0, 8),
(35, 256.0, 33),
(36, 307.0, 48),
(37, 468.0, 7),
(38, 305.0, 47),
(39, 487.0, 37),
(40, 457.0, 32),
(41, 392.0, 11),
(42, 393.0, 26),
(43, 368.0, 51),
(44, 449.0, 8),
(45, 256.0, 33),
(46, 307.0, 48),
(47, 468.0, 7),
(48, 305.0, 47),
(49, 487.0, 37),
(50, 457.0, 32);

insert into AuctionItem(
	IID ,
	StartPrice ,
	CurrentPrice ,
	StartTime ,
	EndTime ,
	NumBidders 
) values 
(41, 347.0, 426.0, '2015/11/10,02:57:26', '2015/11/17,06:02:56', 28),
(42, 229.0, 294.0, '2015/12/16,07:56:30', '2015/12/21,11:12:49', 16),
(43, 409.0, 821.0, '2016/06/11,07:41:53', '2016/06/13,06:56:02', 16),
(44, 405.0, 563.0, '2015/09/26,12:59:18', '2015/09/27,10:44:04', 29),
(45, 202.0, 217.0, '2016/11/17,02:58:23', '2016/11/18,09:51:26', 35),
(46, 112.0, 329.0, '2015/05/16,12:17:49', '2015/05/16,05:41:16', 35),
(47, 84.0, 515.0, '2016/09/23,05:44:10', '2016/10/02,12:29:25', 5),
(48, 405.0, 879.0, '2015/10/01,11:59:33', '2015/10/02,12:21:09', 26),
(49, 107.0, 134.0, '2015/08/09,06:30:43', '2015/08/14,01:11:05', 13),
(50, 359.0, 768.0, '2016/12/02,09:33:53', '2016/12/03,01:08:09', 31);

insert into WebMasters(
	username,
	password
) values
('root', '11111111');

COMMIT;
